FR,CSL,AvgInventory,TotalHoldingCost,TotalStockoutCost,TotalCost,StockoutDays,OrdersPlacedCount,D_total,Served_total,N_days,Scenario
0.15799225197911404,0.1166666666666667,21.066666666666666,1264.0,49990.0,51254.0,53,15,5937,938,60,baseline
0.10948785292186473,0.09999999999999998,19.4,1164.0,54250.0,55414.0,54,19,6092,667,60,supplier_delay_plus2
0.13487836476176768,0.1166666666666667,15.883333333333333,953.0,60100.0,61053.0,53,26,6947,937,60,demand_spike_15pct
0.4645289915268317,0.35,45.8,2748.0,32230.0,34978.0,39,20,6019,2796,60,policy_raise_sS
0.08491971527892733,0.08333333333333337,18.55,1113.0,55280.0,56393.0,55,16,6041,513,60,lognormal_lt
